{
  "batch_size": 512,
  "batchnorm": true,
  "dropout": 0.09565822329142706,
  "ema_const": 0.8419135248840751,
  "gnn_hidden_feats": 512,
  "lr": 0.034037679451202216,
  "max_ramp_ep": 50,
  "mt_weight": 21.442134127840507,
  "noise_for_all": false,
  "noise_sigma": 0.018808658806891823,
  "num_gnn_layers": 1,
  "patience": 30,
  "predictor_hidden_feats": 64,
  "residual": true,
  "ul_batch_ratio": 4.0,
  "weight_decay": 0.00018972282631618103,
  "model": "GCN",
  "n_tasks": 1,
  "atom_featurizer_type": "canonical",
  "bond_featurizer_type": "canonical",
  "in_node_feats": 74
}