{
  "batch_size": 256,
  "batchnorm": false,
  "dropout": 0.08171636729017785,
  "ema_const": 0.9339291975517044,
  "gnn_hidden_feats": 512,
  "lr": 0.0026867735908295,
  "max_ramp_ep": 50,
  "mt_weight": 27.398260319447996,
  "noise_for_all": false,
  "noise_sigma": 0.04487965992842246,
  "num_gnn_layers": 2,
  "patience": 30,
  "predictor_hidden_feats": 32,
  "residual": false,
  "ul_batch_ratio": 4.0,
  "weight_decay": 0.0008592119572444167,
  "model": "GCN",
  "n_tasks": 1,
  "atom_featurizer_type": "canonical",
  "bond_featurizer_type": "canonical",
  "in_node_feats": 74
}