{
  "batch_size": 128,
  "batchnorm": true,
  "dropout": 0.18344823165174845,
  "ema_const": 0.939374591666256,
  "gnn_hidden_feats": 256,
  "lr": 0.001254448845206816,
  "max_ramp_ep": 15,
  "mt_weight": 18.940665885683565,
  "noise_for_all": false,
  "noise_sigma": 0.043176059647007686,
  "num_gnn_layers": 3,
  "patience": 30,
  "predictor_hidden_feats": 128,
  "residual": false,
  "ul_batch_ratio": 1.0,
  "weight_decay": 0.0009159041795694315,
  "model": "GCN",
  "n_tasks": 1,
  "atom_featurizer_type": "canonical",
  "bond_featurizer_type": "canonical",
  "in_node_feats": 74
}