{
  "batch_size": 64,
  "batchnorm": true,
  "dropout": 0.01809366892005207,
  "ema_const": 0.8508683421863416,
  "gnn_hidden_feats": 128,
  "lr": 0.00462798618869973,
  "max_ramp_ep": 5,
  "mt_weight": 19.57193517722035,
  "noise_for_all": false,
  "noise_sigma": 0.0005761995802632085,
  "num_gnn_layers": 3,
  "patience": 30,
  "predictor_hidden_feats": 1024,
  "residual": false,
  "ul_batch_ratio": 3.0,
  "weight_decay": 0.0016011453982787967,
  "model": "GCN",
  "n_tasks": 1,
  "atom_featurizer_type": "canonical",
  "bond_featurizer_type": "canonical",
  "in_node_feats": 74
}